{
  "project_info": {
    "project_number": "549167445435",
    "firebase_url": "https://productcatalogf18.firebaseio.com",
    "project_id": "productcatalogf18",
    "storage_bucket": "productcatalogf18.appspot.com"
  },
  "client": [
    {
      "client_info": {
        "mobilesdk_app_id": "1:549167445435:android:aadfeba8c26d67fc",
        "android_client_info": {
          "package_name": "mgarzon.createbest.productcatalog"
        }
      },
      "oauth_client": [
        {
          "client_id": "549167445435-bqkrnvemam2vlsbvo12db9e8f7o4kt2o.apps.googleusercontent.com",
          "client_type": 1,
          "android_info": {
            "package_name": "mgarzon.createbest.productcatalog",
            "certificate_hash": "94a15cb9b346e4f7005039f06009b38c5c518158"
          }
        },
        {
          "client_id": "549167445435-oa6l951d32j9h3vqpa3vk2vd757in4ui.apps.googleusercontent.com",
          "client_type": 3
        }
      ],
      "api_key": [
        {
          "current_key": "AIzaSyBdcbJw4tB9eb0o9w1IcuCP6Pap_nphWPc"
        }
      ],
      "services": {
        "analytics_service": {
          "status": 1
        },
        "appinvite_service": {
          "status": 2,
          "other_platform_oauth_client": [
            {
              "client_id": "549167445435-oa6l951d32j9h3vqpa3vk2vd757in4ui.apps.googleusercontent.com",
              "client_type": 3
            }
          ]
        },
        "ads_service": {
          "status": 2
        }
      }
    }
  ],
  "configuration_version": "1"
}